,Team,Conf.,Current Elo,Last,Season Min.,Season Max.,Home Court*
1,Duke Blue Devils,ACC,2118.67,+12 🟢@@11.91589355,1855.666,2118.67,80.61849
2,Houston Cougars,Big 12,2116.65,+10 🟢@@9.635620117,1878.984,2116.65,84.03011
3,Florida Gators,SEC,2096.936,+38 🟢@@38.12353516,1807.053,2096.936,62.04281
4,Auburn Tigers,SEC,2046.157,-19 🟠@@-18.93170166,1874.28,2115.515,67.18417
5,Alabama Crimson Tide,SEC,2035.864,-38 🟠@@-38.12353516,1923.853,2102.856,99.86444
6,St. John's Red Storm,Big East,2023.274,+12 🟢@@11.7333374,1798.122,2023.274,43.11964
7,Tennessee Volunteers,SEC,2011.854,+19 🟢@@18.93170166,1857.944,2011.854,85.4992
8,Michigan State Spartans,Big Ten,2006.069,-17 🟠@@-17.29510498,1764.261,2023.364,79.94518
9,Gonzaga Bulldogs,WCC,1982.021,+19 🟢@@19.30688477,1840.146,1982.021,70.65714
10,Maryland Terrapins,Big Ten,1970.721,-12 🟠@@-12.16699219,1711.481,1982.888,73.68816
11,Louisville Cardinals,ACC,1958.452,-12 🟠@@-11.91589355,1539.657,1970.368,64.56897
12,Arizona Wildcats,Big 12,1952.972,-10 🟠@@-9.635559082,1741.361,1968.967,82.42317
13,Texas Tech Red Raiders,Big 12,1945.414,-20 🟠@@-20.22357178,1776.804,1965.638,80.43138
14,Saint Mary's Gaels,WCC,1922.426,-19 🟠@@-19.30688477,1721.085,1941.732,50.95832
15,Wisconsin Badgers,Big Ten,1918.098,+17 🟢@@17.29510498,1754.847,1966.823,76.30852
16,Clemson Tigers,ACC,1912.944,-13 🟠@@-12.87463379,1741.825,1925.819,81.81327
17,Kansas Jayhawks,Big 12,1907.924,-26 🟠@@-25.7454834,1907.924,2055.202,86.42014
18,Iowa State Cyclones,Big 12,1904.397,-16 🟠@@-16.32745361,1877.99,2044.129,77.8632
19,UConn Huskies,Big East,1896.165,-33 🟠@@-33.38903809,1860.749,2002.05,52.73684
20,BYU Cougars,Big 12,1890.807,-17 🟠@@-16.65692139,1717.788,1907.464,98.07619
21,VCU Rams,A-10,1878.111,+7 🟢@@6.826782227,1677.292,1885.539,70.99306
22,Texas A&M Aggies,SEC,1875.692,-26 🟠@@-26.0602417,1809.462,1936.062,65.99222
23,Michigan Wolverines,Big Ten,1875.011,+12 🟢@@12.16699219,1623.443,1933.553,73.62621
24,Ole Miss Rebels,SEC,1869.019,-5 🟠@@-5.266113281,1721.241,1950.863,73.14399
25,UC San Diego Tritons,Big West,1867.347,+16 🟢@@16.26098633,1485.011,1867.347,59.54468
26,Creighton Bluejays,Big East,1861.029,-12 🟠@@-11.73339844,1711.524,1872.762,73.9169
27,Baylor Bears,Big 12,1860.021,-6 🟠@@-6.036682129,1803.658,1897.134,47.14067
28,Drake Bulldogs,MVC,1857.015,+16 🟢@@15.54052734,1680.209,1857.015,59.47573
29,Marquette Golden Eagles,Big East,1855.254,-13 🟠@@-13.34820557,1833.97,1952.259,67.06656
30,UCLA Bruins,Big Ten,1851.142,-20 🟠@@-19.66906738,1717.518,1870.811,74.97391
31,Boise St.,MWC,1848.289,+26 🟢@@26.23419189,1709.3,1848.289,67.20248
32,North Carolina Tar Heels,ACC,1846.096,-4 🟠@@-3.837158203,1757.484,1885.76,62.27146
33,Memphis Tigers,AAC,1843.136,+3 🟢@@2.885742188,1661.928,1843.136,84.99876
34,Illinois Fighting Illini,Big Ten,1842.026,-38 🟠@@-37.52880859,1770.212,1946.755,71.27821
35,New Mexico Lobos,MWC,1841.26,-15 🟠@@-14.68603516,1673.164,1868.616,88.63853
36,Kentucky Wildcats,SEC,1838.218,-26 🟠@@-26.34484863,1782.982,1864.563,79.2058
37,Oregon Ducks,Big Ten,1837.266,-8 🟠@@-8.105529785,1714.598,1883.903,51.18669
38,Arkansas Razorbacks,SEC,1834.295,-10 🟠@@-9.837219238,1717.372,1844.132,84.5885
39,Xavier Musketeers,Big East,1829.755,-9 🟠@@-8.643493652,1672.723,1838.398,84.08477
40,Missouri Tigers,SEC,1825.122,-11 🟠@@-10.91784668,1536.769,1892.592,85.06064
41,Colorado State Rams,MWC,1824.549,-26 🟠@@-26.23419189,1617.255,1850.783,60.41494
42,Purdue Boilermakers,Big Ten,1801.474,-45 🟠@@-45.22491455,1801.474,1939.656,108.5121
43,Georgia Bulldogs,SEC,1798.305,-22 🟠@@-21.80511475,1678.307,1820.11,58.87895
44,Liberty Flames,CUSA,1789.955,+17 🟢@@17.04943848,1470.762,1789.955,51.41064
45,Indiana,Big Ten,1770.691,-29 🟠@@-29.15637207,1660.627,1799.847,85.58305
46,Mississippi State Bulldogs,SEC,1770.481,-26 🟠@@-26.28491211,1752.094,1918.646,65.28079
47,San Diego St.,MWC,1768.265,-27 🟠@@-27.36804199,1710.24,1814.669,62.49776
48,George Mason,A-10,1764.332,+18 🟢@@17.78369141,1601.062,1782.294,59.29303
49,Yale Bulldogs,Ivy,1758.09,+3 🟢@@2.867614746,1602.344,1779.743,53.0277
50,Oklahoma Sooners,SEC,1757.755,-6 🟠@@-5.697631836,1696.61,1809.397,85.9249
51,SMU,ACC,1755.255,-4 🟠@@-4.305419922,1632.717,1799.586,53.93396
52,High Point Panthers,Big South,1752.224,+15 🟢@@14.9317627,1561.569,1752.224,64.68682
53,Utah State Aggies,MWC,1745.824,-20 🟠@@-19.76226807,1722.758,1845.13,94.32029
54,Wake Forest,ACC,1743.786,-16 🟠@@-16.1673584,1708.869,1836.357,75.7925
55,Northwestern,Big Ten,1743.685,-12 🟠@@-12.33422852,1663.448,1777.71,25.99792
56,Villanova,Big East,1740.143,-16 🟠@@-16.32128906,1580.96,1764.393,60.57116
57,UC Irvine,Big West,1738.846,-16 🟠@@-16.26098633,1600.432,1783.392,50.82607
58,Texas,SEC,1735.848,-7 🟠@@-6.522216797,1678.414,1841.434,61.25423
59,Dayton,A-10,1735.662,-18 🟠@@-18.13317871,1674.52,1834.577,88.71178
60,Santa Clara,WCC,1734.24,-25 🟠@@-24.5413208,1506.542,1789.716,26.37903
61,San Francisco,WCC,1731.758,-4 🟠@@-3.766174316,1625.552,1757.02,50.91813
62,Grand Canyon Lopes,WAC,1727.855,+16 🟢@@16.4085083,1611.618,1727.855,63.07624
63,Penn St.,Big Ten,1722.962,+64 🟢@@63.94055176,1601.517,1788.056,66.10199
64,Ohio St.,Big Ten,1722.13,-22 🟠@@-22.0848999,1722.13,1833.699,70.99506
65,McNeese Cowboys,Southland,1721.285,+7 🟢@@6.672546387,1553.851,1721.285,61.93475
66,Cincinnati,Big 12,1707.689,-14 🟠@@-13.87902832,1671.548,1839.532,79.14961
67,Rutgers,Big Ten,1701.725,-23 🟠@@-22.74780273,1679.792,1750.624,46.34581
68,Iowa,Big Ten,1698.593,-12 🟠@@-11.87182617,1635.919,1751.719,78.89053
69,USC,Big Ten,1696.207,-5 🟠@@-5.125610352,1580.87,1763.25,33.77518
70,Kansas St.,Big 12,1692.386,-19 🟠@@-19.23974609,1585.827,1793.284,80.52869
71,Saint Joseph's,A-10,1689.164,-18 🟠@@-17.78369141,1558.782,1727.427,54.06212
72,North Texas,AAC,1685.286,-37 🟠@@-37.2734375,1633.776,1736.989,40.08685
73,Vanderbilt Commodores,SEC,1683.963,-25 🟠@@-24.52764893,1549.3,1767.507,72.00012
74,Chattanooga,Southern,1682.007,-16 🟠@@-15.85144043,1457.721,1697.858,62.58579
75,Loyola Chicago,A-10,1681.874,-7 🟠@@-6.826782227,1554.322,1707.619,52.91645
76,Bradley,MVC,1678.21,-16 🟠@@-15.54052734,1622.184,1769.039,90.29079
77,West Virginia,Big 12,1676.577,-26 🟠@@-26.06451416,1574.701,1726.56,89.80882
78,Utah Valley,WAC,1675.551,-16 🟠@@-16.4085083,1462.166,1691.959,65.35805
79,Saint Louis,A-10,1672.459,-19 🟠@@-18.97314453,1506.178,1691.432,62.61788
80,UNC Wilmington Seahawks,CAA,1660.231,+7 🟢@@6.531005859,1462.06,1660.231,54.03971
81,Troy Trojans,Sun Belt,1659.335,+30 🟢@@30.31945801,1527.127,1659.335,49.45833
82,UAB,AAC,1655.068,+37 🟢@@37.2734375,1506.594,1658.244,73.81953
83,Akron Zips,MAC,1651.156,+6 🟢@@5.984924316,1474.59,1651.156,84.65166
84,Stanford,ACC,1650.03,-2 🟠@@-2.000427246,1578.396,1671.164,61.59303
85,Arkansas St.,Sun Belt,1649.599,-30 🟠@@-30.31945801,1554.108,1711.822,57.1094
86,Nebraska,Big Ten,1647.151,-52 🟠@@-52.46051025,1647.151,1822.226,69.60284
87,Lipscomb Bisons,A-Sun,1646.803,+14 🟢@@13.96679688,1449.432,1646.803,56.38534
88,UNLV,MWC,1642.253,-22 🟠@@-22.26733398,1602.572,1684.277,62.53666
89,Northern Iowa,MVC,1638.418,-15 🟠@@-15.3338623,1492.104,1673.045,66.41687
90,UCF,Big 12,1636.306,-4 🟠@@-3.845703125,1584.017,1747.342,34.74823
91,South Carolina,SEC,1635.163,-8 🟠@@-7.814697266,1602.542,1750.696,51.58269
92,Butler,Big East,1629.896,-4 🟠@@-4.422180176,1583.574,1742.918,66.47217
93,Cal State Northridge,Big West,1629.363,-26 🟠@@-25.84655762,1406.293,1690.34,38.07366
94,St. Bonaventure,A-10,1627.365,-11 🟠@@-10.81878662,1575.48,1729.005,53.62932
95,Arizona St.,Big 12,1626.847,-9 🟠@@-9.240539551,1626.847,1767.73,50.11076
96,Tulane,AAC,1622.806,-3 🟠@@-2.885742188,1392.425,1625.691,35.2185
97,Bryant Bulldogs,ASEC,1622.218,+15 🟢@@15.02288818,1453.209,1622.218,55.41843
98,Northern Colorado,Big Sky,1621.912,-24 🟠@@-24.418396,1439.602,1646.33,44.43398
99,Georgia Tech,ACC,1621.157,-2 🟠@@-1.698730469,1489.341,1622.855,54.48599
100,Robert Morris Colonials,Horizon,1620.212,+19 🟢@@18.86108398,1307.571,1620.212,36.51838
101,Belmont,MVC,1619.496,-6 🟠@@-6.407714844,1545.564,1653.298,67.96252
102,Cornell,Ivy,1615.591,+28 🟢@@27.71429443,1508.552,1641.397,41.89546
103,Wofford Terriers,Southern,1609.463,+20 🟢@@19.66125488,1426.499,1609.463,62.42902
104,Minnesota,Big Ten,1605.13,-9 🟠@@-9.060791016,1551.685,1671.91,56.11768
105,Utah,Big 12,1602.999,-34 🟠@@-33.55047607,1575.99,1707.505,98.94939
106,Virginia,ACC,1601.99,-17 🟠@@-16.98748779,1515.645,1705.511,67.56031
107,College of Charleston,CAA,1601.528,-7 🟠@@-6.996826172,1534.052,1691.984,62.27044
108,Nevada,MWC,1596.826,-8 🟠@@-7.841674805,1596.826,1779.927,67.8101
109,Pittsburgh,ACC,1596.03,-11 🟠@@-11.1675415,1591.843,1792.007,43.39212
110,Florida St.,ACC,1596.007,-15 🟠@@-15.33764648,1590.828,1753.91,64.77009
111,Colorado,Big 12,1592.597,-2 🟠@@-1.956970215,1512.416,1762.646,79.64312
112,Oregon St.,WCC,1592.131,-26 🟠@@-26.14245605,1525.444,1689.597,40.87506
113,Furman,Southern,1592.045,-20 🟠@@-19.66125488,1491.432,1663.321,53.30043
114,Georgetown,Big East,1591.524,-19 🟠@@-19.25341797,1486.732,1680.914,40.84241
115,Montana Grizzlies,Big Sky,1590.396,+24 🟢@@24.418396,1426.33,1590.396,83.63703
116,Florida Atlantic,AAC,1589.222,-17 🟠@@-17.3157959,1575.608,1780.973,44.27931
117,George Washington,A-10,1587.746,-20 🟠@@-19.5970459,1470.004,1616.244,70.14001
118,Middle Tennessee,CUSA,1587.637,-10 🟠@@-10.42950439,1419.828,1607.839,64.77015
119,North Alabama,A-Sun,1585.43,-14 🟠@@-13.96679688,1370.042,1599.397,61.89563
120,Omaha Mavericks,Summit,1585.094,+24 🟢@@24.26843262,1251.686,1585.094,53.39733
121,New Mexico St.,CUSA,1584.709,-11 🟠@@-11.21606445,1354.751,1619.468,72.44912
122,TCU,Big 12,1584.352,-11 🟠@@-11.48730469,1577.225,1731.245,52.48268
123,Towson,CAA,1584.344,-41 🟠@@-41.26702881,1369.071,1625.61,53.6418
124,Jacksonville St.,CUSA,1580.734,-17 🟠@@-17.04943848,1419.683,1637.501,40.58685
125,LSU,SEC,1578.721,-20 🟠@@-19.79992676,1578.721,1764.299,49.30712
126,Oklahoma St.,Big 12,1575.082,-29 🟠@@-28.57415771,1567.069,1687.859,80.27058
127,Winthrop,Big South,1574.19,-15 🟠@@-14.9317627,1378.34,1589.121,59.42085
128,Syracuse,ACC,1571.75,-21 🟠@@-21.00927734,1540.983,1681.08,50.04763
129,Kennesaw St.,CUSA,1570.852,-5 🟠@@-4.656921387,1393.799,1595.003,53.08443
130,Louisiana Tech,CUSA,1568.254,-9 🟠@@-8.72253418,1519.19,1710.58,72.21642
131,Duquesne,A-10,1567.328,-13 🟠@@-12.98583984,1423.074,1670.819,49.92973
132,Milwaukee,Horizon,1562.799,-37 🟠@@-37.15246582,1423.786,1616.112,39.60577
133,Washington St.,WCC,1561.42,-13 🟠@@-12.71722412,1550.303,1757.902,37.33572
134,Samford,Southern,1560.435,-34 🟠@@-33.89886475,1560.435,1672.378,35.90393
135,St. Thomas,Summit,1558.828,-24 🟠@@-24.26843262,1455.826,1622.124,60.94096
136,North Dakota St.,Summit,1551.475,-13 🟠@@-12.83581543,1333.805,1596.414,55.49933
137,Notre Dame,ACC,1549.744,-9 🟠@@-9.412353516,1524.753,1687.044,70.65257
138,Providence,Big East,1548.228,-15 🟠@@-14.58636475,1548.228,1731.184,60.85651
139,East Tennessee St.,Southern,1546.953,-28 🟠@@-28.30310059,1445.541,1585.527,56.54533
140,South Alabama,Sun Belt,1546.35,-8 🟠@@-8.092590332,1415.535,1630.965,45.69941
141,California,ACC,1544.793,-11 🟠@@-10.57458496,1525.963,1637.841,33.26231
142,UC Riverside,Big West,1541.721,-38 🟠@@-38.33410645,1418.593,1580.055,46.8949
143,DePaul,Big East,1541.131,-3 🟠@@-3.462341309,1467.874,1609.702,25.96611
144,Miami University (OH),MAC,1540.259,-6 🟠@@-5.984924316,1378.632,1568.988,72.44698
145,UC Santa Barbara,Big West,1538.001,-8 🟠@@-7.81842041,1434.354,1593.96,50.28607
146,Seattle,WAC,1537.149,-14 🟠@@-14.20690918,1475.887,1606.973,55.93204
147,Murray St.,MVC,1535.182,-11 🟠@@-10.75512695,1465.641,1605.987,84.11845
148,Kent St.,MAC,1534.402,-24 🟠@@-24.09552002,1455.14,1589.375,68.31941
149,Illinois St.,MVC,1533.415,-23 🟠@@-23.10809326,1471.539,1556.523,76.78839
150,Merrimack,MAAC,1531.482,-14 🟠@@-13.89898682,1411.208,1563.555,54.72021
151,UNC Greensboro,Southern,1531.043,-37 🟠@@-36.65771484,1489.712,1589.863,48.12033
152,Washington,Big Ten,1530.452,-8 🟠@@-7.761901855,1530.452,1724.658,39.096
153,Marshall,Sun Belt,1523.865,-6 🟠@@-6.205078125,1368.699,1530.07,85.27164
154,Illinois-Chicago,MVC,1523.494,-58 🟠@@-58.40344238,1397.609,1693.17,44.46139
155,NC State,ACC,1523.138,-14 🟠@@-13.6741333,1519.272,1770.964,58.72088
156,Radford,Big South,1523.082,-5 🟠@@-5.283569336,1388.93,1541.219,52.04133
157,Norfolk State Spartans,MEAC,1522.152,+6 🟢@@5.523803711,1396.79,1562.831,58.17749
158,James Madison,Sun Belt,1521.62,-25 🟠@@-24.89666748,1489.066,1663.654,44.51009
159,Youngstown St.,Horizon,1520.746,-19 🟠@@-18.86108398,1358.918,1569.65,37.52785
160,Dartmouth,Ivy,1520.286,-28 🟠@@-27.71429443,1247.635,1573.552,32.22249
161,Cleveland St.,Horizon,1519.992,-10 🟠@@-10.11517334,1372.914,1610.361,47.6068
162,Central Connecticut,NSEC,1517.572,-28 🟠@@-27.92492676,1338.894,1545.497,34.82048
163,Princeton,Ivy,1516.632,-3 🟠@@-2.867614746,1504.112,1698.071,75.99225
164,California Baptist,WAC,1515.856,-10 🟠@@-9.744812012,1419.354,1530.61,54.50508
165,Temple,AAC,1515.395,-20 🟠@@-19.79052734,1496.544,1638.196,54.64687
166,Maine,ASEC,1515.35,-15 🟠@@-15.02288818,1418.774,1540.19,18.03293
167,San Jose St.,MWC,1513.517,-4 🟠@@-4.051086426,1362.592,1517.568,9.708117
168,Drexel,CAA,1512.978,-11 🟠@@-10.70898438,1440.258,1550.485,58.35799
169,Davidson,A-10,1512.679,-12 🟠@@-12.27874756,1512.679,1604.81,56.90159
170,Cal Poly,Big West,1510.985,-12 🟠@@-11.87976074,1234.645,1522.865,39.05552
171,Wichita St.,AAC,1505.759,-2 🟠@@-2.21685791,1427.269,1658.662,73.8294
172,Brown,Ivy,1502.311,-10 🟠@@-9.688781738,1438.886,1580.571,25.92559
173,Oakland,Horizon,1499.598,-8 🟠@@-8.401916504,1444.321,1596.634,50.90552
174,Quinnipiac,MAAC,1498.795,-24 🟠@@-24.21459961,1392.8,1577.615,49.42651
175,Eastern Kentucky,A-Sun,1497.912,-18 🟠@@-17.690979,1357.179,1548.043,64.47639
176,East Carolina,AAC,1497.357,-23 🟠@@-23.15783691,1422.06,1553.113,33.2829
177,Jacksonville,A-Sun,1495.509,-12 🟠@@-11.84991455,1367.145,1559.098,34.86141
178,Purdue Fort Wayne,Horizon,1486.703,-9 🟠@@-9.406982422,1480.129,1582.135,54.54787
179,Mount St. Mary's Mountaineers,MAAC,1484.626,+32 🟢@@32.04675293,1324.394,1484.626,39.09122
180,Rhode Island,A-10,1483.469,-55 🟠@@-55.1628418,1480.03,1669.783,41.73134
181,Appalachian St.,Sun Belt,1479.391,-25 🟠@@-25.20593262,1461.602,1602.252,60.57246
182,Vermont,ASEC,1479.355,-47 🟠@@-46.71679688,1375.6,1660.176,47.64311
183,UTEP,CUSA,1477.31,-9 🟠@@-8.968994141,1451.445,1604.237,61.08648
184,Southern Illinois,MVC,1477.234,-6 🟠@@-5.706848145,1362.93,1555.811,62.9176
185,UNC Asheville,Big South,1476.61,-30 🟠@@-30.1184082,1453.203,1578.775,56.03876
186,Virginia Tech,ACC,1470.951,-24 🟠@@-23.95007324,1455.311,1684.293,77.50024
187,South Carolina St.,MEAC,1469.659,-6 🟠@@-5.523803711,1249.332,1475.183,51.39602
188,Abilene Christian,WAC,1467.915,-13 🟠@@-13.01086426,1382.742,1508.323,51.00864
189,Lamar,Southland,1467.651,-7 🟠@@-6.672546387,1292.682,1504.233,66.85078
190,South Dakota St.,Summit,1466.706,-65 🟠@@-64.92681885,1466.706,1627.528,74.87448
191,Harvard,Ivy,1466.321,+26 🟢@@25.55169678,1370.06,1502.891,16.01835
192,Indiana St.,MVC,1466.207,-8 🟠@@-8.446166992,1433.42,1685.053,72.84932
193,Delaware,CAA,1465.146,-7 🟠@@-6.531005859,1322.585,1487.224,45.97342
194,Florida Gulf Coast,A-Sun,1464.921,-31 🟠@@-31.10949707,1352.278,1528.65,54.5274
195,Montana St.,Big Sky,1461.626,-29 🟠@@-28.76165771,1411.478,1490.387,59.53281
196,Boston College,ACC,1461.36,-15 🟠@@-15.35388184,1430.665,1695.223,11.26101
197,South Florida,AAC,1460.694,-13 🟠@@-12.62628174,1460.694,1650.577,14.87085
198,Loyola Marymount,WCC,1460.141,-12 🟠@@-11.82592773,1410.083,1598.123,20.45869
199,Portland St.,Big Sky,1457.637,-35 🟠@@-34.65533447,1373.449,1497.028,57.643
200,Valparaiso,MVC,1456.341,-5 🟠@@-4.788696289,1303.249,1461.13,53.3627
201,Sam Houston,CUSA,1456.291,-35 🟠@@-34.83374023,1446.176,1666.731,65.4988
202,SIU Edwardsville Cougars,OVC,1455.619,+54 🟢@@53.56323242,1306.101,1465.242,44.85111
203,Northern Kentucky,Horizon,1454.921,-8 🟠@@-7.520019531,1316.048,1462.441,60.13617
204,Hampton,CAA,1451.859,-15 🟠@@-14.63232422,1248.475,1466.491,45.01923
205,American University Eagles,Patriot,1451.121,+30 🟢@@29.62860107,1289.546,1451.121,48.8539
206,Nicholls St.,Southland,1450.902,-11 🟠@@-11.08184814,1358.813,1472.983,54.94168
207,Southeast Missouri St.,OVC,1450.108,-54 🟠@@-53.56317139,1193.474,1534.628,41.29358
208,Iona,MAAC,1449.272,-32 🟠@@-32.04675293,1318.675,1481.318,57.44934
209,Bucknell,Patriot,1448.964,-29 🟠@@-28.77685547,1318.532,1477.741,55.84667
210,Manhattan,MAAC,1447.745,-31 🟠@@-30.74377441,1267.525,1478.489,26.51865
211,Western Kentucky,CUSA,1446.419,-18 🟠@@-18.03656006,1446.419,1603.604,69.35119
212,Monmouth,CAA,1444.187,-5 🟠@@-4.593017578,1319.89,1453.571,50.52639
213,UT Arlington,WAC,1443.694,-12 🟠@@-11.52490234,1443.694,1632.733,34.46705
214,UTSA,AAC,1439.642,-14 🟠@@-13.70825195,1344.703,1456.737,35.07395
215,Northeastern,CAA,1438.831,-14 🟠@@-14.01074219,1393.821,1533.967,36.29018
216,Elon,CAA,1432.082,-27 🟠@@-27.15802002,1320.134,1562.487,43.24306
217,Queens,A-Sun,1430.248,-4 🟠@@-3.679260254,1376.351,1521.543,58.07566
218,UMass (Amherst),A-10,1427.399,-21 🟠@@-20.69842529,1408.391,1639.068,47.60524
219,A&M-Corpus Christi,Southland,1422.816,-13 🟠@@-13.13250732,1388.291,1479.914,53.36477
220,Texas St.,Sun Belt,1421.963,-17 🟠@@-17.10015869,1401.798,1558.571,46.41133
221,Idaho St.,Big Sky,1416.444,-38 🟠@@-37.74163818,1364.464,1476.86,66.53146
222,UMass Lowell,ASEC,1415.797,-12 🟠@@-12.34265137,1406.416,1595.116,49.45583
223,Pepperdine,WCC,1415.202,-2 🟠@@-1.785583496,1328.979,1487.885,27.05788
224,Wyoming,MWC,1414.383,-10 🟠@@-10.11499023,1414.383,1619.395,64.00555
225,La Salle,A-10,1413.922,-4 🟠@@-4.157226563,1354.611,1602.962,36.52592
226,Campbell,CAA,1413.786,-47 🟠@@-47.22039795,1332.593,1573.145,42.40497
227,Portland,WCC,1411.201,-37 🟠@@-37.32446289,1268.273,1464.07,9.592941
228,Fordham,A-10,1409.983,-6 🟠@@-6.041625977,1360.862,1539.326,23.56824
229,Evansville,MVC,1409.057,-27 🟠@@-27.22058105,1290.372,1484.068,60.90301
230,Northern Arizona,Big Sky,1408.951,-11 🟠@@-11.44335938,1346.479,1420.394,35.4266
231,Hofstra,CAA,1408.181,-14 🟠@@-13.96557617,1382.041,1636.303,48.49524
232,U Miami (FL),ACC,1407.769,+14 🟢@@13.6741333,1392.014,1654.389,31.35724
233,Little Rock,OVC,1407.011,-24 🟠@@-23.87469482,1407.011,1573.611,59.58633
234,Presbyterian,Big South,1405.544,-10 🟠@@-9.611328125,1292.998,1482.504,46.35913
235,Sacred Heart,MAAC,1405.208,-8 🟠@@-8.307861328,1299.468,1430.941,41.3224
236,William & Mary,CAA,1403.095,-50 🟠@@-50.21655273,1292.721,1520.021,54.55812
237,Richmond,A-10,1401.014,-9 🟠@@-9.315612793,1395.949,1630.966,43.06155
238,Ohio,MAC,1400.927,-18 🟠@@-17.91845703,1400.927,1517.49,91.03237
239,Georgia St.,Sun Belt,1400.824,-8 🟠@@-7.796691895,1287.447,1423.574,42.31125
240,Georgia Southern,Sun Belt,1400.621,-24 🟠@@-24.02404785,1325.544,1438.611,59.90484
241,Southern,SWAC,1400.602,-22 🟠@@-21.8828125,1242.421,1437.843,70.04644
242,Jackson St.,SWAC,1399.706,-17 🟠@@-16.74462891,1217.269,1416.451,60.50646
243,Albany,ASEC,1398.67,-7 🟠@@-6.585205078,1344.83,1442.623,38.20927
244,Central Michigan,MAC,1397.065,-27 🟠@@-26.74041748,1370.798,1451.809,43.33521
245,Rice,AAC,1396.423,-16 🟠@@-15.83538818,1396.423,1575.079,14.51923
246,South Dakota,Summit,1394.627,-29 🟠@@-29.33557129,1301.482,1423.963,57.48384
247,Hawaii,Big West,1394.495,-3 🟠@@-2.649475098,1394.495,1541.233,28.70985
248,Northwestern St.,Southland,1394.033,-7 🟠@@-7.397094727,1237.409,1401.43,41.78796
249,Navy,Patriot,1393.819,-30 🟠@@-29.62860107,1205.301,1423.448,27.37903
250,Tulsa,AAC,1392.799,-6 🟠@@-5.795288086,1313.785,1499.104,69.45988
251,Tarleton St.,WAC,1390.456,-7 🟠@@-6.807617188,1378.607,1609.057,60.54803
252,Tennessee St.,OVC,1390.067,-10 🟠@@-10.32745361,1228.528,1400.395,51.83928
253,Seton Hall,Big East,1387.455,-5 🟠@@-5.131530762,1387.455,1752.003,47.45955
254,Longwood,Big South,1385.808,-10 🟠@@-10.33850098,1373.331,1559.927,51.37585
255,UC Davis,Big West,1380.986,-17 🟠@@-16.62438965,1363.265,1554.754,43.10932
256,Cal State Bakersfield,Big West,1379.757,-9 🟠@@-9.0703125,1362.64,1470.873,55.20432
257,Marist,MAAC,1378.226,-11 🟠@@-11.47613525,1378.226,1558.054,43.65986
258,Idaho,Big Sky,1377.677,-10 🟠@@-9.822265625,1258.582,1406.081,42.30186
259,Toledo,MAC,1375.31,-6 🟠@@-6.158569336,1336.876,1613.939,81.09523
260,FIU,CUSA,1370.634,-7 🟠@@-6.793273926,1337.823,1430.79,31.1853
261,Eastern Michigan,MAC,1368.713,-10 🟠@@-9.715026855,1260.383,1382.848,52.3714
262,Wright St.,Horizon,1366.628,-9 🟠@@-9.145141602,1365.781,1593.513,70.06582
263,SE Louisiana,Southland,1362.876,-18 🟠@@-18.47979736,1260.245,1436.348,47.31641
264,Siena,MAAC,1361.883,-11 🟠@@-11.28546143,1199.009,1428.767,59.54915
265,Old Dominion,Sun Belt,1361.82,-9 🟠@@-9.190307617,1267.125,1384.387,66.25261
266,Charlotte,AAC,1361.528,-5 🟠@@-4.715209961,1350.408,1624.306,39.86613
267,Penn,Ivy,1358,-15 🟠@@-15.38781738,1306.534,1455.793,60.88781
268,Alabama State Hornets,SWAC,1353.811,+17 🟢@@16.74462891,1194.153,1353.811,52.64035
269,Austin Peay,A-Sun,1351.538,-9 🟠@@-9.334838867,1291.679,1457.828,57.03857
270,LIU,NSEC,1349.155,-22 🟠@@-21.67816162,1185.261,1370.833,57.11798
271,Kansas City,Summit,1347.638,-10 🟠@@-9.620239258,1302.938,1470.489,32.79446
272,VMI,Southern,1345.9,-12 🟠@@-12.0512085,1217.895,1382.534,26.4227
273,North Dakota,Summit,1343.854,-11 🟠@@-11.05908203,1256.569,1473.906,47.92348
274,Mercer,Southern,1343.25,-5 🟠@@-5.211608887,1328.431,1455.878,41.32499
275,Colgate,Patriot,1338.544,-11 🟠@@-11.11804199,1324.04,1497.223,39.23954
276,Missouri St.,MVC,1337.008,-13 🟠@@-12.74926758,1314.202,1592.799,66.75289
277,Texas Southern,SWAC,1334.083,-15 🟠@@-15.21002197,1231.104,1349.293,60.99839
278,Saint Peter's,MAAC,1330.434,+5 🟢@@5.3203125,1314.095,1493.444,35.08934
279,Binghamton,ASEC,1329.862,-6 🟠@@-6.417114258,1309.096,1396.93,36.06658
280,Gardner-Webb,Big South,1327.054,-6 🟠@@-6.088256836,1313.509,1464.775,44.40248
281,Bethune-Cookman,SWAC,1322.529,-34 🟠@@-34.46191406,1273.176,1389.833,31.99647
282,Rider,MAAC,1319.988,-14 🟠@@-13.84265137,1258.134,1512.435,46.91217
283,Saint Francis (PA),NSEC,1319.671,+28 🟢@@27.92492676,1152.031,1319.671,44.55206
284,Delaware St.,MEAC,1317.628,-14 🟠@@-14.30029297,1265.485,1363.249,35.17213
285,Fairfield,MAAC,1317.268,-22 🟠@@-21.89581299,1249.172,1487.045,31.52733
286,Bowling Green,MAC,1316.701,-5 🟠@@-5.118347168,1240.237,1422.169,55.72574
287,Boston University,Patriot,1315.808,-24 🟠@@-24.34002686,1291.453,1397.071,33.79908
288,North Florida,A-Sun,1315.627,-40 🟠@@-39.95776367,1315.627,1528.805,48.99681
289,Western Michigan,MAC,1313.481,-5 🟠@@-5.385742188,1234.638,1347.926,57.00724
290,Ball St.,MAC,1312.875,-7 🟠@@-6.608642578,1286.111,1418.007,53.48707
291,UMBC,ASEC,1312.848,-3 🟠@@-3.257446289,1297.226,1430.124,28.27946
292,Incarnate Word,Southland,1306.854,-7 🟠@@-6.853149414,1145.542,1337.984,42.55541
293,Columbia,Ivy,1306.01,-6 🟠@@-5.911682129,1306.01,1588.581,31.8901
294,Lafayette,Patriot,1306,-4 🟠@@-4.327026367,1249.773,1339.935,41.05686
295,Lehigh,Patriot,1305.371,-13 🟠@@-12.60675049,1262.374,1412.185,35.45932
296,Eastern Illinois,OVC,1303.424,+55 🟢@@54.83117676,1136.97,1303.424,36.79884
297,Fresno St.,MWC,1301.721,-6 🟠@@-6.169494629,1301.721,1517.927,53.40534
298,Pacific,WCC,1293.78,-17 🟠@@-16.87261963,1199.973,1346.748,44.76378
299,UT Rio Grande Valley,Southland,1286.594,+9 🟢@@8.981811523,1222.984,1374.658,25.82293
300,Eastern Washington,Big Sky,1284.082,-19 🟠@@-19.2822876,1284.082,1543.181,54.53994
301,Niagara,MAAC,1280.595,-5 🟠@@-4.670593262,1242.921,1384.631,42.03513
302,Louisiana (Lafayette),Sun Belt,1276.335,-40 🟠@@-40.43493652,1217.442,1468.681,56.10416
303,Fairleigh Dickinson,NSEC,1271.16,-2 🟠@@-2.452941895,1215.211,1306.09,31.0811
304,Weber St.,Big Sky,1267.744,-9 🟠@@-8.922119141,1237.754,1468.312,79.60571
305,Southern Utah,WAC,1266.966,-21 🟠@@-20.79644775,1266.966,1493.038,48.1163
306,Loyola Maryland,Patriot,1266.914,-3 🟠@@-3.054016113,1193.134,1331.529,37.35854
307,Air Force,MWC,1266.23,-2 🟠@@-1.60369873,1266.23,1512.047,23.91716
308,Stony Brook,CAA,1266.22,-10 🟠@@-10.38848877,1237.695,1492.311,45.85261
309,UT Martin,OVC,1264.071,-10 🟠@@-9.764099121,1263.024,1435.948,42.54696
310,Stephen F. Austin,Southland,1263.986,-13 🟠@@-12.6776123,1263.986,1435.586,62.01969
311,Mercyhurst,NSEC,1263.12,+11 🟢@@10.57897949,1203.896,1331.953,61.39212
312,Denver,Summit,1258.88,-7 🟠@@-7.207397461,1154.552,1353.242,62.79622
313,Utah Tech,WAC,1256.665,-4 🟠@@-4.235717773,1240.104,1418.034,55.18773
314,New Hampshire,ASEC,1251.483,-3 🟠@@-2.912719727,1172.734,1400.556,20.34627
315,Western Carolina,Southern,1250.414,-6 🟠@@-6.347290039,1250.414,1550.163,53.83422
316,IU Indy,Horizon,1246.834,-10 🟠@@-9.991699219,1136.202,1256.826,41.8009
317,Charleston Southern,Big South,1243.368,-10 🟠@@-10.30664063,1184.29,1308.254,42.4418
318,San Diego,WCC,1240.948,-13 🟠@@-12.70172119,1221.232,1461.969,28.5766
319,Morgan St.,MEAC,1240.719,-2 🟠@@-2.479248047,1159.353,1267.638,60.40008
320,Southern Miss,Sun Belt,1238.479,-16 🟠@@-15.55731201,1238.479,1418.948,57.5994
321,Florida A&M,SWAC,1235.853,-20 🟠@@-19.74383545,1134.511,1290.631,46.26151
322,Tennessee Tech,OVC,1234.765,-11 🟠@@-10.81097412,1210.161,1342.472,58.41337
323,Long Beach St.,Big West,1234.044,-19 🟠@@-19.24401855,1234.044,1507.109,55.83992
324,Houston Christian,Southland,1230.569,-14 🟠@@-13.6272583,1106.164,1321.026,54.82833
325,Army,Patriot,1230.231,-26 🟠@@-25.62145996,1212.707,1365.857,17.90748
326,Grambling,SWAC,1227.251,-6 🟠@@-6.050170898,1160.196,1372.676,34.02839
327,North Carolina Central,MEAC,1225.065,-15 🟠@@-14.65881348,1197.406,1332.561,67.6983
328,Lindenwood,OVC,1223.504,-15 🟠@@-14.75494385,1133.028,1238.259,58.23684
329,Alcorn St.,SWAC,1223.337,-13 🟠@@-13.34515381,1183.875,1297.03,68.04868
330,Stonehill,NSEC,1219.183,-21 🟠@@-20.6730957,1119.644,1303.388,58.67087
331,Coastal Carolina,Sun Belt,1218.617,-10 🟠@@-10.00811768,1178.403,1344.306,54.02103
332,Western Illinois,OVC,1214.591,+58 🟢@@58.05169678,1091.358,1403.282,36.04731
333,Holy Cross,Patriot,1212.053,-4 🟠@@-3.705810547,1212.053,1352.417,33.57098
334,Morehead St.,OVC,1210.163,-20 🟠@@-20.03295898,1180.474,1490.995,65.21773
335,Central Arkansas,A-Sun,1202.981,-2 🟠@@-1.875305176,1157.44,1256.875,43.96787
336,Wagner,NSEC,1200.584,-6 🟠@@-6.051879883,1179.349,1361.563,38.26719
337,Howard,MEAC,1199.603,-7 🟠@@-7.49005127,1182.536,1392.263,42.13983
338,Oral Roberts,Summit,1196.236,-18 🟠@@-18.41943359,1195.712,1353.24,65.58708
339,Bellarmine,A-Sun,1190.804,-4 🟠@@-3.753479004,1085.185,1293.739,54.48933
340,Cal State Fullerton,Big West,1185.063,-3 🟠@@-3.102783203,1185.063,1431.565,37.3976
341,Stetson,A-Sun,1179.397,-15 🟠@@-14.50354004,1179.397,1428.362,33.23956
342,Louisiana Monroe,Sun Belt,1176.612,-8 🟠@@-7.78338623,1136.172,1370.544,51.91793
343,North Carolina A&T,CAA,1176.399,-14 🟠@@-14.17657471,1157.188,1304.334,68.55962
344,NJIT,ASEC,1173.786,+26 🟢@@25.51922607,1144.922,1273.204,45.2034
345,West Georgia,A-Sun,1156.711,+16 🟢@@15.7366333,1140.974,1326.07,58.04566
346,Buffalo,MAC,1156.678,-1 🟠@@-1.186157227,1122.079,1248.178,44.03744
347,Detroit Mercy,Horizon,1152.365,-5 🟠@@-5.055541992,1152.365,1320.29,60.54316
348,South Carolina Upstate,Big South,1151.387,-20 🟠@@-19.63323975,1150.277,1331.218,40.15252
349,Southern Indiana,OVC,1138.222,-3 🟠@@-2.873291016,1091.165,1304.098,56.94201
350,Canisius,MAAC,1134.977,-5 🟠@@-5.3203125,1134.977,1393.886,37.89456
351,Green Bay,Horizon,1132.279,-4 🟠@@-4.364135742,1084.501,1440.973,56.86771
352,The Citadel,Southern,1128.766,-11 🟠@@-11.26867676,1128.766,1415.141,6.484097
353,East Texas A&M,Southland,1125.662,+16 🟢@@15.690979,1081.671,1240.892,54.69509
354,Northern Illinois,MAC,1123.961,+27 🟢@@26.74041748,1097.22,1353.425,33.46482
355,Sacramento St.,Big Sky,1123.69,-15 🟠@@-15.30426025,1123.69,1326.464,29.20267
356,MD Eastern Shore,MEAC,1103.497,-2 🟠@@-1.75793457,1049.407,1230.17,35.68037
357,Le Moyne,NSEC,1103.392,-2 🟠@@-2.179626465,1103.392,1302.663,58.59097
358,Coppin St.,MEAC,1090.74,-3 🟠@@-2.532409668,1063.67,1137.094,47.45263
359,Chicago St.,NSEC,1080.261,-3 🟠@@-2.83770752,1080.261,1290.562,23.57925
360,Alabama A&M,SWAC,1078.902,-26 🟠@@-25.60540771,1078.902,1267.812,53.41228
361,Arkansas-Pine Bluff,SWAC,1050.149,-7 🟠@@-6.625854492,990.2399,1203.525,29.8146
362,New Orleans,Southland,1045.885,-4 🟠@@-4.076477051,1045.885,1214.47,47.42303
363,Prairie View A&M,SWAC,1015.526,-6 🟠@@-6.477172852,1015.526,1210.611,40.64719
364,Mississippi Valley St.,SWAC,842.8953,-1 🟠@@-1.481323242,842.8953,1055.303,59.74654